{"statistic": 0.03546359534317367, "pvalue": 0.005259799560095726}