{"mean": 21.528657296117803, "variance": 19.549023205784803, "std.dev": 4.421427733864346}