{"mean": 40.58682971350712, "variance": 48.25400631794763, "std.dev": 6.946510369815021}