{"mean": 40.32443212260683, "variance": 33.87016318990152, "std.dev": 5.819807831011391}