{"mean": 47.044645139925024, "variance": 40.47953932213767, "std.dev": 6.362353284920421}