{"mean": 45.40008661773488, "variance": 40.98786264106583, "std.dev": 6.402176398777671}