{"statistic": 0.11516249073428575, "pvalue": 1.3145475299088924e-27}